"","location","year","lat","long","alt","bloom_doy","MONTH","LATITUDE","LONGITUDE","ELEVATION","DP01","DP10","DP1X","DX32","DX70","DX90","EMXP","EMXT","PRCP","TMAX"
"1","washingtondc",1941,38.8853496,-77.0386278,0,102,9.5,38.84721,-77.03454,4.1,8.5,4.66666666666667,0.333333333333333,0,19.6666666666667,3.66666666666667,20.5166666666667,31.1166666666667,49.7833333333333,22.7483333333333
"2","washingtondc",1942,38.8853496,-77.0386278,0,95,6.5,38.84721,-77.03454,4.1,9.16666666666667,6.41666666666667,1.25,0.833333333333333,15.3333333333333,2.08333333333333,39.1666666666667,27.2083333333333,101.683333333333,18.6891666666667
"3","washingtondc",1943,38.8853496,-77.0386278,0,94,6.5,38.84721,-77.03454,4.1,8.5,4.91666666666667,0.5,1.16666666666667,13.6666666666667,4.08333333333333,30.8916666666667,28.2916666666667,66.825,18.8408333333333
"4","washingtondc",1944,38.8853496,-77.0386278,0,100,6.5,38.84721,-77.03454,4.1,9.25,5.41666666666667,0.833333333333333,0.75,14.25,3,39.9333333333333,27.825,87.7833333333333,18.4183333333333
"5","washingtondc",1945,38.8853496,-77.0386278,0,79,6.5,38.84721,-77.03454,4.1,10.75,7,0.75,1.5,15.75,1.66666666666667,26.15,27.55,92.2,18.7841666666667
"6","washingtondc",1946,38.8853496,-77.0386278,0,82,6.5,38.84721,-77.03454,4.1,9.16666666666667,5.83333333333333,0.5,0.583333333333333,15.75,1.5,26.6166666666667,28.7166666666667,71.2333333333333,19.5516666666667
"7","washingtondc",1947,38.8853496,-77.0386278,0,102,6.5,38.84721,-77.03454,4.1,9.16666666666667,5.33333333333333,0.666666666666667,0.5,14.3333333333333,1.5,28.55,26.85,77.6166666666667,18.3833333333333
"8","washingtondc",1948,38.8853496,-77.0386278,0,88,6.5,38.84721,-77.03454,4.1,11.1666666666667,7.66666666666667,1.41666666666667,1.58333333333333,14.1666666666667,2.08333333333333,38.8833333333333,28.8916666666667,121.858333333333,18.5966666666667
"9","washingtondc",1949,38.8853496,-77.0386278,0,88,6.5,38.84721,-77.03454,4.1,10.1666666666667,7.08333333333333,0.75,0.0833333333333333,14.6666666666667,2.16666666666667,24.9666666666667,29.3166666666667,84.4333333333333,19.8083333333333
"10","washingtondc",1950,38.8853496,-77.0386278,0,99,6.5,38.84721,-77.03454,4.1,11.1666666666667,6.91666666666667,0.916666666666667,0.583333333333333,14.5833333333333,1.08333333333333,39.4666666666667,28.425,101.425,18.5816666666667
"11","washingtondc",1951,38.8853496,-77.0386278,0,96,6.5,38.84721,-77.03454,4.1,9.41666666666667,6,1,0.833333333333333,14.8333333333333,2.33333333333333,32.925,28.75,87.5333333333333,19.1475
"12","washingtondc",1952,38.8853496,-77.0386278,0,100,6.5,38.84721,-77.03454,4.1,9.83333333333333,7.41666666666667,0.666666666666667,0.25,14.0833333333333,2.91666666666667,35.45,28.0083333333333,100.416666666667,19.075
"13","washingtondc",1953,38.8853496,-77.0386278,0,86,6.5,38.84721,-77.03454,4.1,9.33333333333333,6.5,1.16666666666667,0.166666666666667,15.1666666666667,3.66666666666667,40.725,29.2083333333333,108.333333333333,20.0483333333333
"14","washingtondc",1954,38.8853496,-77.0386278,0,96,6.5,38.84721,-77.03454,4.1,9.16666666666667,5,0.25,0.916666666666667,14.8333333333333,2.66666666666667,23.1416666666667,29.2,59.9083333333333,19.3891666666667
"15","washingtondc",1955,38.8853496,-77.0386278,0,92,6.5,38.84721,-77.03454,4.1,8.83333333333333,5.08333333333333,0.916666666666667,0.916666666666667,15.4166666666667,2.58333333333333,33.7166666666667,27.5083333333333,87.7833333333333,18.6825
"16","washingtondc",1956,38.8853496,-77.0386278,0,97,6.5,38.84721,-77.03454,4.1,11.0833333333333,6.58333333333333,0.416666666666667,0.416666666666667,12.6666666666667,1.91666666666667,26.1833333333333,27.5916666666667,74.575,18.1425
"17","washingtondc",1957,38.8853496,-77.0386278,0,98,6.5,38.84721,-77.03454,4.1,8.91666666666667,6,0.666666666666667,0.666666666666667,13.5833333333333,3.83333333333333,27.0333333333333,28.0916666666667,69.425,19.1991666666667
"18","washingtondc",1958,38.8853496,-77.0386278,0,108,6.5,38.84721,-77.03454,4.1,9.58333333333333,6.33333333333333,0.833333333333333,1.66666666666667,14.0833333333333,1.91666666666667,35.6666666666667,25.9666666666667,96.6083333333333,17.4958333333333
"19","washingtondc",1959,38.8853496,-77.0386278,0,96,6.5,38.84721,-77.03454,4.1,9.08333333333333,5.33333333333333,0.583333333333333,0.75,15.1666666666667,3.5,29.25,28.975,74.9333333333333,19.8941666666667
"20","washingtondc",1960,38.8853496,-77.0386278,0,105,6.5,38.84721,-77.03454,4.1,8.91666666666667,5.75,0.833333333333333,1.5,14.75,1.91666666666667,30.275,27.5833333333333,78.2916666666667,18.2391666666667
"21","washingtondc",1961,38.8853496,-77.0386278,0,92,6.5,38.84721,-77.03454,4.1,9.25,6.58333333333333,0.833333333333333,1.08333333333333,14.25,3,28.2,27.4916666666667,88.8083333333333,18.4433333333333
"22","washingtondc",1962,38.8853496,-77.0386278,0,97,6.5,38.84721,-77.03454,4.1,9.16666666666667,5.33333333333333,0.5,1.5,14.25,1.75,24.2166666666667,27.875,70.0333333333333,17.8791666666667
"23","washingtondc",1963,38.8853496,-77.0386278,0,93,6.5,38.84721,-77.03454,4.1,7.66666666666667,4.83333333333333,1.08333333333333,1.41666666666667,14.9166666666667,2.33333333333333,33.575,27.2833333333333,83.3083333333333,18.62
"24","washingtondc",1964,38.8853496,-77.0386278,0,102,6.5,38.84721,-77.03454,4.1,7.66666666666667,5.08333333333333,0.416666666666667,0.416666666666667,14.3333333333333,4.08333333333333,23.9083333333333,28.7,62.4166666666667,19.7591666666667
"25","washingtondc",1965,38.8853496,-77.0386278,0,105,6.5,38.84721,-77.03454,4.1,8.33333333333333,4.83333333333333,0.416666666666667,0.583333333333333,14.4166666666667,4,23.9333333333333,27.7833333333333,57.0583333333333,19.1941666666667
"26","washingtondc",1966,38.8853496,-77.0386278,0,95,6.5,38.84721,-77.03454,4.1,9.33333333333333,5.41666666666667,0.666666666666667,0.75,13.8333333333333,4.91666666666667,33.6916666666667,28.5083333333333,76.275,19.0716666666667
"27","washingtondc",1967,38.8853496,-77.0386278,0,96,6.5,38.84721,-77.03454,4.1,8.16666666666667,5.41666666666667,0.75,0.416666666666667,14.3333333333333,2,31.5333333333333,28.25,80.7583333333333,18.985
"28","washingtondc",1968,38.8853496,-77.0386278,0,90,6.5,38.84721,-77.03454,4.1,8.08333333333333,6.16666666666667,0.583333333333333,1.16666666666667,15.25,3.33333333333333,28.85,27.9166666666667,78,19.5741666666667
"29","washingtondc",1969,38.8853496,-77.0386278,0,99,6.5,38.84721,-77.03454,4.1,9,6,0.833333333333333,0.416666666666667,15.1666666666667,3.25,36.825,27,91.6833333333333,19.065
"30","washingtondc",1970,38.8853496,-77.0386278,0,106,6.5,38.84721,-77.03454,4.1,8.33333333333333,6.5,0.583333333333333,0.916666666666667,14.6666666666667,4.58333333333333,35.8333333333333,27.5,83.8666666666667,19.4325
"31","washingtondc",1971,38.8853496,-77.0386278,0,98,6.5,38.84721,-77.03454,4.1,8.66666666666667,5.83333333333333,1.16666666666667,0.916666666666667,15,2.41666666666667,37.7333333333333,27.5833333333333,97.4166666666667,19.2566666666667
"32","washingtondc",1972,38.8853496,-77.0386278,0,102,6.5,38.84721,-77.03454,4.1,11.1666666666667,7.25,1,0.333333333333333,13.6666666666667,1.33333333333333,40.0166666666667,27.2583333333333,110.008333333333,18.4666666666667
"33","washingtondc",1973,38.8853496,-77.0386278,0,101,6.5,38.84721,-77.03454,4.1,9,6.25,0.5,0.583333333333333,15.5833333333333,3.08333333333333,25.7583333333333,27.975,74.125,20.1891666666667
"34","washingtondc",1974,38.8853496,-77.0386278,0,93,6.5,38.84721,-77.03454,4.1,9.5,5.91666666666667,0.833333333333333,0,15.5,2.66666666666667,28.925,29.225,76.1666666666667,20.0708333333333
"35","washingtondc",1975,38.8853496,-77.0386278,0,93,6.5,38.84721,-77.03454,4.1,10.4166666666667,7.08333333333333,1.08333333333333,0.25,15.8333333333333,2.91666666666667,36.2,28.05,106.958333333333,19.9625
"36","washingtondc",1976,38.8853496,-77.0386278,0,83,6.5,38.84721,-77.03454,4.1,8.41666666666667,5.25,0.833333333333333,0.583333333333333,15.25,3,33.325,27.775,80.6,19.6
"37","washingtondc",1977,38.8853496,-77.0386278,0,85,6.5,38.84721,-77.03454,4.1,9.41666666666667,5.08333333333333,0.916666666666667,1.5,16.5,3.83333333333333,28.3916666666667,28.1,76.5583333333333,19.7075
"38","washingtondc",1978,38.8853496,-77.0386278,0,102,6.5,38.84721,-77.03454,4.1,9.41666666666667,6.16666666666667,0.75,0.5,14.9166666666667,3.25,27.525,28.0416666666667,83.7333333333333,19.1391666666667
"39","washingtondc",1979,38.8853496,-77.0386278,0,92,6.5,38.84721,-77.03454,4.1,10.5,6.66666666666667,1.25,1.25,15.4166666666667,1.66666666666667,33.2,26.95,100.241666666667,18.9816666666667
"40","washingtondc",1980,38.8853496,-77.0386278,0,97,6.5,38.84721,-77.03454,4.1,9.16666666666667,5.5,0.416666666666667,0.916666666666667,15.5,5.58333333333333,22.3833333333333,28.4666666666667,62.125,20.0675
"41","washingtondc",1981,38.8853496,-77.0386278,0,93,6.5,38.84721,-77.03454,4.1,9,5.33333333333333,0.25,0.916666666666667,15.25,2.75,19.2,29.1083333333333,65,19.7433333333333
"42","washingtondc",1982,38.8853496,-77.0386278,0,97,6.5,38.84721,-77.03454,4.1,8.83333333333333,5.66666666666667,0.666666666666667,1.08333333333333,15.3333333333333,1.83333333333333,26.8583333333333,27.7333333333333,75.7333333333333,19.0916666666667
"43","washingtondc",1983,38.8853496,-77.0386278,0,97,6.5,38.84721,-77.03454,4.1,9.33333333333333,6.58333333333333,1.41666666666667,0.666666666666667,14.0833333333333,4.58333333333333,35.9666666666667,28.05,109.816666666667,19.38
"44","washingtondc",1984,38.8853496,-77.0386278,0,94,6.5,38.84721,-77.03454,4.1,9.91666666666667,6.08333333333333,0.5,0.833333333333333,13.9166666666667,1.91666666666667,26.1916666666667,27.0916666666667,79.9416666666667,18.8808333333333
"45","washingtondc",1985,38.8853496,-77.0386278,0,97,6.5,38.84721,-77.03454,4.1,9.58333333333333,4.75,0.916666666666667,1.25,15.8333333333333,2.33333333333333,28.1916666666667,28.8916666666667,75.9666666666667,19.2891666666667
"46","washingtondc",1986,38.8853496,-77.0386278,0,92,6.5,38.84721,-77.03454,4.1,8.5,5,0.416666666666667,0.916666666666667,14.9166666666667,3.41666666666667,21.5916666666667,28.6166666666667,68.9416666666667,19.1191666666667
"47","washingtondc",1987,38.8853496,-77.0386278,0,87,6.5,38.84721,-77.03454,4.1,8.75,5.66666666666667,0.666666666666667,0.583333333333333,14.3333333333333,3.75,29.5166666666667,27.0416666666667,77.5416666666667,19.3858333333333
"48","washingtondc",1988,38.8853496,-77.0386278,0,91,6.5,38.84721,-77.03454,4.1,8.91666666666667,5,0.916666666666667,1.33333333333333,13.4166666666667,4.91666666666667,25.8166666666667,28.5583333333333,67.225,19.0358333333333
"49","washingtondc",1989,38.8853496,-77.0386278,0,88,6.5,38.84721,-77.03454,4.1,10.6666666666667,7.16666666666667,1.25,1.25,14.1666666666667,1.83333333333333,31.3083333333333,27.45,106.516666666667,18.4033333333333
"50","washingtondc",1990,38.8853496,-77.0386278,0,74,6.5,38.84721,-77.03454,4.1,10.5833333333333,6.25,1,0.166666666666667,16.0833333333333,2.5,31.8416666666667,29.825,86.5416666666667,20.6891666666667
"51","washingtondc",1991,38.8853496,-77.0386278,0,88,6.5,38.84721,-77.03454,4.1,9.25,4.91666666666667,0.416666666666667,0.25,15.6666666666667,4.91666666666667,23.6333333333333,29.4916666666667,62.7333333333333,20.7075
"52","washingtondc",1992,38.8853496,-77.0386278,0,98,6.5,38.84721,-77.03454,4.1,10.1666666666667,6.16666666666667,0.5,0.0833333333333333,13.1666666666667,1.75,26.2333333333333,27.0333333333333,77.0666666666667,18.4108333333333
"53","washingtondc",1993,38.8853496,-77.0386278,0,101,6.5,38.84721,-77.03454,4.1,9.66666666666667,5.91666666666667,0.833333333333333,0.916666666666667,13.3333333333333,4.25,31.6666666666667,27.3333333333333,87.6916666666667,19.0858333333333
"54","washingtondc",1994,38.8853496,-77.0386278,0,95,6.5,38.84721,-77.03454,4.1,10.3333333333333,6.08333333333333,0.666666666666667,1,15.6666666666667,3.83333333333333,23.3916666666667,28.8833333333333,79.5833333333333,19.6875
"55","washingtondc",1995,38.8853496,-77.0386278,0,92,6.5,38.84721,-77.03454,4.1,8.75,5.5,0.75,0.916666666666667,15,4.33333333333333,30.5833333333333,28.475,84.25,19.225
"56","washingtondc",1996,38.8853496,-77.0386278,0,95,6.5,38.84721,-77.03454,4.1,10.5,7.33333333333333,1.25,1.25,14.0833333333333,1.75,33.6333333333333,27.6,108.058333333333,18.3616666666667
"57","washingtondc",1997,38.8853496,-77.0386278,0,85,6.5,38.84721,-77.03454,4.1,9.08333333333333,5.66666666666667,0.666666666666667,0.416666666666667,14.1666666666667,3.5,28.325,29.225,71.6916666666667,19.4108333333333
"58","washingtondc",1998,38.8853496,-77.0386278,0,86,6.5,38.84721,-77.03454,4.1,9.75,5.33333333333333,0.5,0.25,15,2.91666666666667,25.425,28.7583333333333,76.1416666666667,20.2408333333333
"59","washingtondc",1999,38.8853496,-77.0386278,0,95,6.5,38.84721,-77.03454,4.1,8.75,5.58333333333333,0.833333333333333,0.916666666666667,14.6666666666667,4,31.4583333333333,28.825,85.2166666666667,19.8708333333333
"60","washingtondc",2000,38.8853496,-77.0386278,0,77,6.5,38.84721,-77.03454,4.1,9.75,5.91666666666667,0.666666666666667,1.16666666666667,14.3333333333333,1,26.1083333333333,27.825,86.1583333333333,18.5216666666667
"61","washingtondc",2001,38.8853496,-77.0386278,0,96,6.5,38.84721,-77.03454,4.1,8.91666666666667,5.5,0.583333333333333,0.166666666666667,15.3333333333333,1.33333333333333,21.2666666666667,27.55,63.5083333333333,19.6591666666667
"62","washingtondc",2002,38.8853496,-77.0386278,0,92,6.5,38.84721,-77.03454,4.1,9.08333333333333,5.25,0.583333333333333,0.166666666666667,14.4166666666667,4.66666666666667,28.7,29.9083333333333,72.7333333333333,20.0633333333333
"63","washingtondc",2003,38.8853496,-77.0386278,0,92,6.5,38.84721,-77.03454,4.1,12.1666666666667,8.5,1.33333333333333,0.916666666666667,13.3333333333333,1.66666666666667,37.1583333333333,26.0083333333333,128.808333333333,17.8375
"64","washingtondc",2004,38.8853496,-77.0386278,0,91,6.5,38.84721,-77.03454,4.1,10.8333333333333,6.08333333333333,0.75,1.41666666666667,15,0.916666666666667,35.4916666666667,27.3166666666667,89.9666666666667,18.85
"65","washingtondc",2005,38.8853496,-77.0386278,0,99,6.5,38.84721,-77.03454,4.1,9,5.41666666666667,1.16666666666667,0.916666666666667,13.75,3.25,38.6083333333333,27.2666666666667,94.0416666666667,19.0841666666667
"66","washingtondc",2006,38.8853496,-77.0386278,0,89,6.5,38.84721,-77.03454,4.1,8,5.5,1,0.0833333333333333,14.9166666666667,3,33.9,28.55,101.175,19.8816666666667
"67","washingtondc",2007,38.8853496,-77.0386278,0,91,6.5,38.84721,-77.03454,4.1,8.41666666666667,4.75,0.583333333333333,0.666666666666667,15.9166666666667,3.66666666666667,31.65,29.175,69.7416666666667,19.75
"68","washingtondc",2008,38.8853496,-77.0386278,0,86,6.5,38.84721,-77.03454,4.1,9.33333333333333,5.83333333333333,1,0.25,15.5,2.91666666666667,36.5,28.6083333333333,98.5,19.7866666666667
"69","washingtondc",2009,38.8853496,-77.0386278,0,91,6.5,38.84721,-77.03454,4.1,10.9166666666667,7.25,1,0.833333333333333,14.5,1.83333333333333,27.5583333333333,27.2166666666667,99.3,18.58
"70","washingtondc",2010,38.8853496,-77.0386278,0,90,6.5,38.84721,-77.03454,4.1,8.41666666666667,5.25,0.5,0.916666666666667,15.4166666666667,5.58333333333333,32.1,28.425,73.7083333333333,20.1183333333333
"71","washingtondc",2011,38.8853496,-77.0386278,0,88,6.5,38.84721,-77.03454,4.1,10.5,6.25,1,0.25,15,4.16666666666667,37.575,29.0833333333333,99.3333333333333,20.1508333333333
"72","washingtondc",2012,38.8853496,-77.0386278,0,80,6.5,38.84721,-77.03454,4.1,10.1666666666667,5.41666666666667,0.583333333333333,0.0833333333333333,16.75,4.41666666666667,31.3583333333333,30.05,68.775,21.1833333333333
"73","washingtondc",2013,38.8853496,-77.0386278,0,99,6.5,38.84721,-77.03454,4.1,9.83333333333333,5.58333333333333,1.08333333333333,0.333333333333333,14.1666666666667,2.91666666666667,34.5166666666667,28.1416666666667,93.6833333333333,19.3625
"74","washingtondc",2014,38.8853496,-77.0386278,0,100,6.5,38.84721,-77.03454,4.1,10.3333333333333,6.5,1.08333333333333,0.833333333333333,15.25,2,35.1666666666667,28.1916666666667,94.075,19.355
"75","washingtondc",2015,38.8853496,-77.0386278,0,100,6.5,38.84721,-77.03454,4.1,10.25,6.83333333333333,0.583333333333333,1,15.8333333333333,4.33333333333333,27.9916666666667,28.7166666666667,95.3583333333333,20.3375
"76","washingtondc",2016,38.8853496,-77.0386278,0,85,6.5,38.84721,-77.03454,4.1,9.5,6.08333333333333,0.416666666666667,0.916666666666667,15.25,4.83333333333333,20.3833333333333,29.125,67.1583333333333,20.45
"77","washingtondc",2017,38.8853496,-77.0386278,0,84,6.5,38.84721,-77.03454,4.1,9.25,4.83333333333333,0.583333333333333,0.583333333333333,16.4166666666667,3.58333333333333,29.175,29.4,75.4333333333333,20.6391666666667
"78","washingtondc",2018,38.8853496,-77.0386278,0,95,6.5,38.84721,-77.03454,4.1,10.9166666666667,7.41666666666667,2,0.666666666666667,14.75,3.75,47.0583333333333,29.4416666666667,140.333333333333,19.8658333333333
"79","washingtondc",2019,38.8853496,-77.0386278,0,91,6.5,38.84721,-77.03454,4.1,10,6.33333333333333,0.75,0.333333333333333,16.0833333333333,5.16666666666667,29.0333333333333,29.4083333333333,89.7,20.535
"80","washingtondc",2020,38.8853496,-77.0386278,0,80,6.5,38.84721,-77.03454,4.1,12,7.5,1.33333333333333,0,14.9166666666667,3.83333333333333,43.075,27.9083333333333,121.441666666667,20.425
"81","washingtondc",2021,38.8853496,-77.0386278,0,87,6.5,38.84721,-77.03454,4.1,9.58333333333333,6.25,1,0.25,16.0833333333333,4,30.2416666666667,28,93.35,20.5308333333333
"82","kyoto",1951,35.0119831,135.6761135,44,98,6.5,35.017,135.733,46,11.4166666666667,6.83333333333333,1.41666666666667,0,15.4166666666667,3.25,35.175,26.3166666666667,129.591666666667,20.7641666666667
"83","kyoto",1952,35.0119831,135.6761135,44,105,6.5,35.017,135.733,46,11.5,7.83333333333333,2,0,15.5,3.58333333333333,54.9416666666667,25.7166666666667,154.3,20.52
"84","kyoto",1953,35.0119831,135.6761135,44,101,6.5,35.017,135.733,46,12.5833333333333,8.33333333333333,2,0,15.25,2.33333333333333,52.5916666666667,26.2333333333333,169.866666666667,20.175
"85","kyoto",1954,35.0119831,135.6761135,44,98,6.5,35.017,135.733,46,12.25,7.66666666666667,1.91666666666667,0,14.1666666666667,2.41666666666667,47.9333333333333,26.3333333333333,153.5,20.3433333333333
"86","kyoto",1955,35.0119831,135.6761135,44,97,6.5,35.017,135.733,46,10.6666666666667,7.08333333333333,1.58333333333333,0,14.9166666666667,4.16666666666667,49.1583333333333,26.3166666666667,128.933333333333,21.02
"87","kyoto",1956,35.0119831,135.6761135,44,99,6.5,35.017,135.733,46,12,7.91666666666667,2.25,0,14.3333333333333,3.91666666666667,46.175,26.8333333333333,152.35,20.0233333333333
"88","kyoto",1957,35.0119831,135.6761135,44,103,6.5,35.017,135.733,46,11.9166666666667,8.5,1.41666666666667,0,14.3333333333333,1.83333333333333,40.1416666666667,25.725,140.058333333333,19.98
"89","kyoto",1958,35.0119831,135.6761135,44,99,6.5,35.017,135.733,46,11.5833333333333,8.33333333333333,1.66666666666667,0,15.25,3.41666666666667,50.5333333333333,26.8083333333333,157.633333333333,20.7058333333333
"90","kyoto",1959,35.0119831,135.6761135,44,92,6.5,35.017,135.733,46,12.3333333333333,8.58333333333333,1.58333333333333,0,15.5833333333333,4.25,65.5583333333333,26.8,165.35,21.2808333333333
"91","kyoto",1960,35.0119831,135.6761135,44,95,6.5,35.017,135.733,46,11.1666666666667,6.91666666666667,1.25,0,15.5,3.83333333333333,52.3833333333333,27.1583333333333,140.208333333333,20.9816666666667
"92","kyoto",1961,35.0119831,135.6761135,44,99,6.5,35.017,135.733,46,11,7,1.66666666666667,0,15.75,5.25,46.5416666666667,26.9083333333333,153.341666666667,21.3366666666667
"93","kyoto",1962,35.0119831,135.6761135,44,102,6.5,35.017,135.733,46,11.1666666666667,6.33333333333333,1.5,0,14.3333333333333,4,31.4833333333333,27.1583333333333,115.525,20.6266666666667
"94","kyoto",1963,35.0119831,135.6761135,44,101,6.5,35.017,135.733,46,12.3333333333333,7.5,1.83333333333333,0,14.75,3.91666666666667,35.9666666666667,25.4666666666667,135.508333333333,19.9225
"95","kyoto",1964,35.0119831,135.6761135,44,99,6.5,35.017,135.733,46,11.0833333333333,7.58333333333333,0.916666666666667,0,15.4166666666667,4.41666666666667,34.1833333333333,26.4666666666667,108.933333333333,20.9083333333333
"96","kyoto",1965,35.0119831,135.6761135,44,110,6.5,35.017,135.733,46,12,7.75,2,0,15.0833333333333,3.16666666666667,49.6166666666667,25.6416666666667,163.216666666667,19.8841666666667
"97","kyoto",1966,35.0119831,135.6761135,44,97,6.5,35.017,135.733,46,10.8333333333333,8.33333333333333,2,0,15.25,4.33333333333333,38.6166666666667,27.0666666666667,142.858333333333,20.49
"98","kyoto",1967,35.0119831,135.6761135,44,97,6.5,35.017,135.733,46,11,6.91666666666667,1.41666666666667,0,15.6666666666667,4.91666666666667,41.6166666666667,26.8333333333333,126.366666666667,20.9333333333333
"99","kyoto",1968,35.0119831,135.6761135,44,99,6.5,35.017,135.733,46,10,7.33333333333333,1.25,0,15.0833333333333,2.08333333333333,47.5833333333333,25.8833333333333,136,20.1991666666667
"100","kyoto",1969,35.0119831,135.6761135,44,101,6.5,35.017,135.733,46,10.4166666666667,7.41666666666667,1.16666666666667,0,16,4.33333333333333,43.25,27.2083333333333,126.333333333333,20.5208333333333
"101","kyoto",1970,35.0119831,135.6761135,44,107,6.5,35.017,135.733,46,10.9166666666667,7.66666666666667,1.41666666666667,0,14.4166666666667,3.75,39.5833333333333,26.1583333333333,131.333333333333,20.0158333333333
"102","kyoto",1971,35.0119831,135.6761135,44,98,6.5,35.017,135.733,46,10.8333333333333,7.41666666666667,1.75,0,15.1666666666667,3,48.9583333333333,26.0833333333333,146.791666666667,20.2508333333333
"103","kyoto",1972,35.0119831,135.6761135,44,99,6.5,35.017,135.733,46,11.8333333333333,9,1.58333333333333,0,16.1666666666667,3.83333333333333,53.6666666666667,27.0083333333333,154.625,21.0591666666667
"104","kyoto",1973,35.0119831,135.6761135,44,97,6.5,35.017,135.733,46,10.0833333333333,6.16666666666667,1.5,0,15.1666666666667,4.25,35.625,26.3083333333333,117.291666666667,20.6691666666667
"105","kyoto",1974,35.0119831,135.6761135,44,99,6.5,35.017,135.733,46,10.5833333333333,7.33333333333333,2,0,15.1666666666667,2.91666666666667,48.5416666666667,25.575,150,19.8825
"106","kyoto",1975,35.0119831,135.6761135,44,100,6.5,35.017,135.733,46,12.25,7.83333333333333,1.5,0,14.4166666666667,3.5,38.0833333333333,25.4916666666667,131.083333333333,20.1966666666667
"107","kyoto",1976,35.0119831,135.6761135,44,99,6.5,35.017,135.733,46,11.4166666666667,8.66666666666667,2.16666666666667,0,14.5833333333333,2.08333333333333,42.75,25.3416666666667,158.875,19.6333333333333
"108","kyoto",1977,35.0119831,135.6761135,44,93,6.5,35.017,135.733,46,10,6.91666666666667,0.75,0,16.4166666666667,3,31.8333333333333,26.7666666666667,95.6666666666667,20.6533333333333
"109","kyoto",1978,35.0119831,135.6761135,44,104,6.5,35.017,135.733,46,9.41666666666667,5.58333333333333,0.916666666666667,0,0,0,33.625,0,97.25,0
"110","kyoto",1979,35.0119831,135.6761135,44,97,6.5,35.017,135.733,46,10.5833333333333,7.58333333333333,1.41666666666667,0,15.5833333333333,2.75,41.4583333333333,26.7083333333333,119.416666666667,21.1183333333333
"111","kyoto",1980,35.0119831,135.6761135,44,102,6.5,35.017,135.733,46,11,8.41666666666667,1.91666666666667,0,14.5,0.916666666666667,55,25.4916666666667,170.166666666667,19.51
"112","kyoto",1981,35.0119831,135.6761135,44,99,6.5,35.017,135.733,46,10.25,7.66666666666667,1.33333333333333,0,14.0833333333333,3.25,41.125,25.5583333333333,121.5,19.5083333333333
"113","kyoto",1982,35.0119831,135.6761135,44,93,6.5,35.017,135.733,46,10.0833333333333,7.08333333333333,0.833333333333333,0,15.6666666666667,1.41666666666667,32.5416666666667,25.85,114.125,20.1633333333333
"114","kyoto",1983,35.0119831,135.6761135,44,99,6.5,35.017,135.733,46,10.6666666666667,7.41666666666667,2,0,15.25,3.25,62.4583333333333,26.0833333333333,160.666666666667,20.4116666666667
"115","kyoto",1984,35.0119831,135.6761135,44,109,6.5,35.017,135.733,46,8.83333333333333,5.75,0.916666666666667,0,14.6666666666667,3.66666666666667,33.625,25.725,96.75,19.755
"116","kyoto",1985,35.0119831,135.6761135,44,99,6.5,35.017,135.733,46,10.6666666666667,7.25,1.66666666666667,0,15.75,4.41666666666667,37.75,26.0666666666667,133.25,20.5358333333333
"117","kyoto",1986,35.0119831,135.6761135,44,102,6.5,35.017,135.733,46,10.0833333333333,6.58333333333333,1.33333333333333,0,14.4166666666667,3.5,40.125,25.525,123.25,19.95
"118","kyoto",1987,35.0119831,135.6761135,44,95,6.5,35.017,135.733,46,9.58333333333333,7,1.16666666666667,0,15.5833333333333,4.25,36,27.2083333333333,105.833333333333,20.9666666666667
"119","kyoto",1988,35.0119831,135.6761135,44,106,6.5,35.017,135.733,46,10.0833333333333,7,1.58333333333333,0,14.5,1.66666666666667,35.75,24.775,120.916666666667,19.8358333333333
"120","kyoto",1989,35.0119831,135.6761135,44,93,6.5,35.017,135.733,46,11.1666666666667,7.5,1.75,0,15.1666666666667,2.58333333333333,46.1666666666667,26.125,153.916666666667,20.5083333333333
"121","kyoto",1990,35.0119831,135.6761135,44,88,6.5,35.017,135.733,46,0,0,0,0,14.75,4.66666666666667,0,27.2916666666667,0,21.4116666666667
"122","kyoto",1991,35.0119831,135.6761135,44,97,6,35.017,135.733,46,0,0,0,0,15,3.36363636363636,0,27.4090909090909,0,21.3518181818182
"123","kyoto",1992,35.0119831,135.6761135,44,94,6,35.017,135.733,46,0,0,0,0,15.2727272727273,3.18181818181818,0,27.3545454545455,0,21.29
"124","kyoto",1993,35.0119831,135.6761135,44,97,6.5,35.017,135.733,46,0,0,0,0,14.6666666666667,1.33333333333333,0,26.7583333333333,0,19.9416666666667
"125","kyoto",1994,35.0119831,135.6761135,44,99,6.5,35.017,135.733,46,0,0,0,0,16.5833333333333,5.58333333333333,0,27.1333333333333,0,21.8133333333333
"126","kyoto",1995,35.0119831,135.6761135,44,99,5.5,35.017,135.733,46,0,0,0,0,15.5,3.625,0,26.4375,0,20.92
"127","kyoto",1996,35.0119831,135.6761135,44,103,6.5,35.017,135.733,46,0,0,0,0,14.1666666666667,3.66666666666667,0,26.6916666666667,0,20.2758333333333
"128","kyoto",1997,35.0119831,135.6761135,44,97,6,35.017,135.733,46,0,0,0,0,15.1818181818182,4,0,27.8363636363636,0,21.7854545454545
"129","kyoto",1998,35.0119831,135.6761135,44,91,6.5,35.017,135.733,46,0,0,0,0,16.0833333333333,4.16666666666667,0,27.5166666666667,0,21.9275
"130","kyoto",1999,35.0119831,135.6761135,44,94,6.63636363636364,35.017,135.733,46,0,0,0,0,14.0909090909091,3.27272727272727,0,25.7454545454545,0,20.7663636363636
"131","kyoto",2000,35.0119831,135.6761135,44,100,6.27272727272727,35.017,135.733,46,0,0,0,0,13.5454545454545,4.81818181818182,0,25.5909090909091,0,20.4472727272727
"132","kyoto",2001,35.0119831,135.6761135,44,96,6.1,35.017,135.733,46,0,0,0,0,13,3.1,0,24.92,0,19.217
"133","kyoto",2002,35.0119831,135.6761135,44,91,6.5,35.017,135.733,46,0,0,0,0,14.0833333333333,4.16666666666667,0,26.8083333333333,0,21.4358333333333
"134","kyoto",2003,35.0119831,135.6761135,44,98,6.5,35.017,135.733,46,0,0,0,0,15,2.91666666666667,0,26.05,0,20.5283333333333
"135","kyoto",2004,35.0119831,135.6761135,44,92,6.5,35.017,135.733,46,9.25,6.66666666666667,1.75,0,0,0,44.8833333333333,0,133.9,0
"136","kyoto",2006,35.0119831,135.6761135,44,98,6.5,35.017,135.733,46,10.8333333333333,7.5,1.91666666666667,0,15.25,3.83333333333333,43.1333333333333,26.05,131.725,20.7958333333333
"137","kyoto",2007,35.0119831,135.6761135,44,97,6.5,35.017,135.733,46,10,6.41666666666667,1.16666666666667,0,15.1666666666667,3.83333333333333,33.6083333333333,26.775,99.0416666666667,21.5241666666667
"138","kyoto",2008,35.0119831,135.6761135,44,95,6.5,35.017,135.733,46,10.9166666666667,7.16666666666667,1.33333333333333,0,15.3333333333333,4.25,42.675,26.4583333333333,118.1,21.1233333333333
"139","kyoto",2009,35.0119831,135.6761135,44,95,6.5,35.017,135.733,46,10.25,7.83333333333333,1.33333333333333,0,16.0833333333333,2.91666666666667,44.2333333333333,27.0916666666667,121.466666666667,21.0783333333333
"140","kyoto",2010,35.0119831,135.6761135,44,95,6.5,35.017,135.733,46,10,7.5,2.25,0,13.6666666666667,5.5,56.4583333333333,27.7416666666667,158.258333333333,21.3175
"141","kyoto",2011,35.0119831,135.6761135,44,99,6.5,35.017,135.733,46,8.41666666666667,5.75,1.5,0,0,0,41.375,0,133.366666666667,0
"142","kyoto",2012,35.0119831,135.6761135,44,101,6.5,35.017,135.733,46,11.25,7.33333333333333,1.66666666666667,0,0,0,43.975,0,130.175,0
"143","kyoto",2013,35.0119831,135.6761135,44,93,6.5,35.017,135.733,46,8.66666666666667,6.5,1.25,0,14.6666666666667,5.08333333333333,50.875,27.575,120.908333333333,21.3191666666667
"144","kyoto",2014,35.0119831,135.6761135,44,94,6.5,35.017,135.733,46,10.25,7.08333333333333,1.08333333333333,0,16.3333333333333,3.75,38.7583333333333,26.775,114.75,21.0825
"145","kyoto",2015,35.0119831,135.6761135,44,93,6.5,35.017,135.733,46,11.75,8.58333333333333,2.25,0,16.5833333333333,3.58333333333333,58.3833333333333,27.3416666666667,168.841666666667,21.405
"146","kyoto",2016,35.0119831,135.6761135,44,95,6.5,35.017,135.733,46,9.75,7,1.83333333333333,0,15.9166666666667,5,52.0583333333333,27.95,153.075,22.0925
"147","kyoto",2017,35.0119831,135.6761135,44,99,6.5,35.017,135.733,46,9.91666666666667,6.58333333333333,1.16666666666667,0,14.9166666666667,4.16666666666667,44.3,26.4,116.083333333333,20.9425
"148","kyoto",2018,35.0119831,135.6761135,44,89,6.5,35.017,135.733,46,9.08333333333333,6.58333333333333,1.66666666666667,0,16.5,4.91666666666667,46.925,28.425,145.591666666667,21.8808333333333
"149","kyoto",2019,35.0119831,135.6761135,44,95,6.5,35.017,135.733,46,10.25,7,1.33333333333333,0,15.5,4.25,32.7416666666667,27.575,112.033333333333,21.7525
"150","kyoto",2020,35.0119831,135.6761135,44,92,6.1,35.017,135.733,46,0,0,0,0,15.3,5.1,0,28.81,0,22.399
"151","kyoto",2021,35.0119831,135.6761135,44,85,7.5,35.017,135.733,46,10.3,7.6,2.7,0,19.2,4.2,58.19,29.42,181.46,24.075
"152","liestal",1901,47.4814,7.730519,350,113,6.5,47.5331,7.5831,316,12.1666666666667,7.5,0.333333333333333,2.41666666666667,7.83333333333333,0,18.8,20.775,72.2,13.3383333333333
"153","liestal",1902,47.4814,7.730519,350,102,6.5,47.5331,7.5831,316,13.5833333333333,7.83333333333333,0.25,1.5,5.91666666666667,0.333333333333333,18.975,21.675,66.325,13.4733333333333
"154","liestal",1903,47.4814,7.730519,350,86,6.5,47.5331,7.5831,316,12.3333333333333,6.25,0.0833333333333333,1.25,7.25,0,14.775,22.3,54.2,14.0025
"155","liestal",1904,47.4814,7.730519,350,104,6.5,47.5331,7.5831,316,12.0833333333333,5.75,0.0833333333333333,1.33333333333333,8.25,0.25,12.5166666666667,22.2333333333333,50.2166666666667,14.5758333333333
"156","liestal",1905,47.4814,7.730519,350,102,6.5,47.5331,7.5831,316,14.5833333333333,7.91666666666667,0.416666666666667,1.25,7.25,0.166666666666667,19.5166666666667,21.15,78.35,13.6483333333333
"157","liestal",1906,47.4814,7.730519,350,103,6.5,47.5331,7.5831,316,11.5,6.33333333333333,0.333333333333333,1.33333333333333,7.83333333333333,0.333333333333333,18.4416666666667,22.9,55.0666666666667,14.3541666666667
"158","liestal",1907,47.4814,7.730519,350,105,6.5,47.5331,7.5831,316,13.25,6.75,0.166666666666667,1.33333333333333,7.25,0,16.65,21.1583333333333,56.925,13.81
"159","liestal",1908,47.4814,7.730519,350,119,6.5,47.5331,7.5831,316,12.0833333333333,6.33333333333333,0.583333333333333,1.75,6.58333333333333,0.0833333333333333,19.5666666666667,20.3583333333333,66.3166666666667,13.2091666666667
"160","liestal",1909,47.4814,7.730519,350,109,6.5,47.5331,7.5831,316,13.6666666666667,7.75,0.166666666666667,1.83333333333333,5.41666666666667,0,15.2,21.925,66.9,13.1541666666667
"161","liestal",1910,47.4814,7.730519,350,105,6.5,47.5331,7.5831,316,14.75,8.41666666666667,0.416666666666667,0.25,5.41666666666667,0,19.1833333333333,21.5333333333333,80.35,13.73
"162","liestal",1911,47.4814,7.730519,350,107,6.5,47.5331,7.5831,316,11.6666666666667,6.16666666666667,0,1.25,8.25,0.75,13.975,22.1916666666667,51.9666666666667,14.9258333333333
"163","liestal",1912,47.4814,7.730519,350,86,6.5,47.5331,7.5831,316,13.4166666666667,8.5,0.0833333333333333,0.416666666666667,4.83333333333333,0.0833333333333333,15.0666666666667,21.5416666666667,67.425,13.6283333333333
"164","liestal",1913,47.4814,7.730519,350,90,6.5,47.5331,7.5831,316,12.75,7.91666666666667,0.0833333333333333,0.333333333333333,5.33333333333333,0,16.4,20.9333333333333,64.6916666666667,14.2566666666667
"165","liestal",1914,47.4814,7.730519,350,99,6.5,47.5331,7.5831,316,14.25,8.08333333333333,0.166666666666667,1.5,5.5,0,16.1583333333333,21.3083333333333,75.4333333333333,13.5691666666667
"166","liestal",1915,47.4814,7.730519,350,117,6.5,47.5331,7.5831,316,13.5,7.5,0.583333333333333,1,7.25,0,25.2666666666667,21,73.1166666666667,13.6816666666667
"167","liestal",1916,47.4814,7.730519,350,97,6.5,47.5331,7.5831,316,15.5,9.08333333333333,0.333333333333333,0.333333333333333,5.25,0,17.7666666666667,21.3166666666667,79.7916666666667,14.0058333333333
"168","liestal",1917,47.4814,7.730519,350,124,6.5,47.5331,7.5831,316,12.4166666666667,7.58333333333333,0.333333333333333,2.91666666666667,8.66666666666667,0.0833333333333333,17.5833333333333,21.2333333333333,71.7166666666667,13.0908333333333
"169","liestal",1918,47.4814,7.730519,350,103,6.5,47.5331,7.5831,316,11.4166666666667,5.75,0.0833333333333333,0.833333333333333,7.33333333333333,0.333333333333333,15.1333333333333,21.925,56.4833333333333,14.465
"170","liestal",1919,47.4814,7.730519,350,112,6.5,47.5331,7.5831,316,14,7.08333333333333,0.166666666666667,1.58333333333333,8.08333333333333,0.166666666666667,15.1333333333333,21.5,60.7083333333333,13.7058333333333
"171","liestal",1920,47.4814,7.730519,350,90,6.5,47.5331,7.5831,316,12.4166666666667,6.58333333333333,0.25,0.833333333333333,7,0.0833333333333333,17.2333333333333,22.4416666666667,57.8916666666667,14.5341666666667
"172","liestal",1921,47.4814,7.730519,350,92,6.5,47.5331,7.5831,316,9.66666666666667,4.58333333333333,0.0833333333333333,1.08333333333333,9.5,1.08333333333333,13.4666666666667,23.075,41.5916666666667,15.6041666666667
"173","liestal",1922,47.4814,7.730519,350,111,6.5,47.5331,7.5831,316,15.6666666666667,10.5,0.5,1,7.08333333333333,0.0833333333333333,22.2333333333333,22.475,95.1166666666667,13.3558333333333
"174","liestal",1923,47.4814,7.730519,350,98,6.5,47.5331,7.5831,316,14.0833333333333,8.5,0.166666666666667,0.5,7.5,0.666666666666667,17.9083333333333,22.475,78.425,14.7766666666667
"175","liestal",1924,47.4814,7.730519,350,115,6.5,47.5331,7.5831,316,12.1666666666667,7,0.166666666666667,1.75,6.08333333333333,0.25,13.5916666666667,22.1916666666667,59.925,13.3258333333333
"176","liestal",1925,47.4814,7.730519,350,104,6.5,47.5331,7.5831,316,14.9166666666667,7.16666666666667,0.416666666666667,1,6.83333333333333,0.0833333333333333,19.2166666666667,23.1166666666667,73.45,13.7658333333333
"177","liestal",1926,47.4814,7.730519,350,99,6.5,47.5331,7.5831,316,13.6666666666667,6.75,0.166666666666667,0.833333333333333,7.08333333333333,0,14.7833333333333,21.8333333333333,58.225,14.5333333333333
"178","liestal",1927,47.4814,7.730519,350,108,6.5,47.5331,7.5831,316,14.5,7.41666666666667,0.25,0.583333333333333,7.41666666666667,0.0833333333333333,16.2833333333333,21.85,71.6166666666667,14.0633333333333
"179","liestal",1928,47.4814,7.730519,350,105,6.5,47.5331,7.5831,316,13.25,7.08333333333333,0.0833333333333333,0.666666666666667,7.5,0.416666666666667,15.9,22.2583333333333,60.5666666666667,14.8766666666667
"180","liestal",1929,47.4814,7.730519,350,122,6.5,47.5331,7.5831,316,11.75,5.75,0,3.16666666666667,9.58333333333333,1.08333333333333,13.4083333333333,23.65,51.0083333333333,14.9575
"181","liestal",1930,47.4814,7.730519,350,109,6.5,47.5331,7.5831,316,14.4166666666667,8.16666666666667,0.166666666666667,0.416666666666667,8.25,0.0833333333333333,18.5833333333333,22.9,80.05,15.3983333333333
"182","liestal",1931,47.4814,7.730519,350,116,6.5,47.5331,7.5831,316,13.0833333333333,6.91666666666667,0.25,1.58333333333333,7.5,0.25,19.775,22.8333333333333,68,14.1233333333333
"183","liestal",1932,47.4814,7.730519,350,120,6.5,47.5331,7.5831,316,11.5833333333333,6.5,0,1,9.5,0.666666666666667,15.6166666666667,21.75,61.5,14.6783333333333
"184","liestal",1933,47.4814,7.730519,350,112,6.5,47.5331,7.5831,316,11.75,7.08333333333333,0,2.5,9.16666666666667,0.916666666666667,13.35,22.1666666666667,57.075,14.5858333333333
"185","liestal",1934,47.4814,7.730519,350,106,6.5,47.5331,7.5831,316,10.8333333333333,5.75,0.333333333333333,0.75,11.25,0.333333333333333,19.1666666666667,24.3916666666667,55.1083333333333,16.0891666666667
"186","liestal",1935,47.4814,7.730519,350,106,6.5,47.5331,7.5831,316,13.1666666666667,7.58333333333333,0.416666666666667,1.91666666666667,9.16666666666667,0.833333333333333,24.1,23.15,74.05,15.1925
"187","liestal",1936,47.4814,7.730519,350,100,6.5,47.5331,7.5831,316,13.75,7.83333333333333,0.333333333333333,0.25,9.16666666666667,0.0833333333333333,18.325,22.8833333333333,72.4833333333333,15.16
"188","liestal",1937,47.4814,7.730519,350,101,6.5,47.5331,7.5831,316,13.5833333333333,8.25,0.0833333333333333,0.416666666666667,9.25,0.333333333333333,13.7416666666667,22.2916666666667,66.9583333333333,15.38
"189","liestal",1938,47.4814,7.730519,350,91,6.5,47.5331,7.5831,316,11.1666666666667,6.5,0.75,1.5,8.08333333333333,0.25,20.1166666666667,23.3583333333333,75.95,15.2233333333333
"190","liestal",1939,47.4814,7.730519,350,105,6.5,47.5331,7.5831,316,15.3333333333333,10,0.583333333333333,0.916666666666667,7.66666666666667,0,24.1333333333333,22.4833333333333,100.383333333333,14.235
"191","liestal",1940,47.4814,7.730519,350,112,6.5,47.5331,7.5831,316,13.0833333333333,7.25,0.583333333333333,3.41666666666667,9,0,21.8833333333333,22.2,79.95,13.82
"192","liestal",1941,47.4814,7.730519,350,116,6.5,47.5331,7.5831,316,12.5,6.75,0.0833333333333333,1.83333333333333,7.41666666666667,0.333333333333333,15.0416666666667,21.7083333333333,57.5583333333333,13.9658333333333
"193","liestal",1942,47.4814,7.730519,350,114,6.5,47.5331,7.5831,316,11.3333333333333,6.33333333333333,0.166666666666667,2.58333333333333,9.75,0.25,15.875,22.7416666666667,63.475,14.6033333333333
"194","liestal",1943,47.4814,7.730519,350,102,6.5,47.5331,7.5831,316,11.1666666666667,5.91666666666667,0.0833333333333333,0.5,11.25,1,13.3916666666667,24.4416666666667,47.6666666666667,16.0833333333333
"195","liestal",1944,47.4814,7.730519,350,109,6.5,47.5331,7.5831,316,11.9166666666667,7.08333333333333,0.416666666666667,1.58333333333333,9,0.583333333333333,20.175,23.825,69.2,14.7025
"196","liestal",1945,47.4814,7.730519,350,92,6.5,47.5331,7.5831,316,11.1666666666667,6.58333333333333,0.0833333333333333,2.16666666666667,11.25,1.5,14.3416666666667,24.5333333333333,53.7166666666667,16.0883333333333
"197","liestal",1946,47.4814,7.730519,350,96,6.5,47.5331,7.5831,316,11.5833333333333,6.25,0.416666666666667,1.83333333333333,10.4166666666667,0.75,15.4,24.2166666666667,62.7,15.3075
"198","liestal",1947,47.4814,7.730519,350,107,6.5,47.5331,7.5831,316,11.25,6.08333333333333,0,2.33333333333333,11.8333333333333,3.08333333333333,10.7416666666667,26.025,42.8083333333333,16.6925
"199","liestal",1948,47.4814,7.730519,350,88,6.5,47.5331,7.5831,316,11.1666666666667,7,0.25,1.08333333333333,9.5,0.0833333333333333,18.2666666666667,24.0166666666667,65.4916666666667,16.0033333333333
"200","liestal",1949,47.4814,7.730519,350,107,6.5,47.5331,7.5831,316,10.4166666666667,5.08333333333333,0.166666666666667,0.416666666666667,12.5,1.58333333333333,14.55,25.0333333333333,47.3833333333333,16.7808333333333
"201","liestal",1950,47.4814,7.730519,350,100,6.5,47.5331,7.5831,316,13,7.91666666666667,0.583333333333333,2,10.5,0.833333333333333,19.0166666666667,24.375,78.4,15.7858333333333
"202","liestal",1951,47.4814,7.730519,350,108,6.5,47.5331,7.5831,316,13.4166666666667,7.66666666666667,0.666666666666667,0,8.33333333333333,0.0833333333333333,20.075,23.0666666666667,79.2,15.2816666666667
"203","liestal",1952,47.4814,7.730519,350,102,6.5,47.5331,7.5831,316,12.9166666666667,7.41666666666667,0.333333333333333,1.16666666666667,10.5,1.33333333333333,23.0666666666667,22.9166666666667,76.7333333333333,15.545
"204","liestal",1953,47.4814,7.730519,350,96,6.5,47.5331,7.5831,316,9.08333333333333,4,0.0833333333333333,1.33333333333333,11,0.75,11.1083333333333,23.6166666666667,41.575,15.7425
"205","liestal",1954,47.4814,7.730519,350,116,6.5,47.5331,7.5831,316,12.1666666666667,6.91666666666667,0.416666666666667,2,7.5,0.25,20.2416666666667,22.7916666666667,73.0333333333333,14.5
"206","liestal",1955,47.4814,7.730519,350,116,6.5,47.5331,7.5831,316,12.1666666666667,6.91666666666667,0.416666666666667,0.75,9.25,0.0833333333333333,21.4666666666667,23.65,74.3416666666667,14.9166666666667
"207","liestal",1956,47.4814,7.730519,350,118,6.5,47.5331,7.5831,316,13,6.83333333333333,0.166666666666667,2.66666666666667,7.75,0,15.975,21.825,70.7833333333333,13.3458333333333
"208","liestal",1957,47.4814,7.730519,350,84,6.5,47.5331,7.5831,316,11.8333333333333,7.25,0.0833333333333333,1,8,0.666666666666667,14.05,23.675,58.55,15.1075
"209","liestal",1958,47.4814,7.730519,350,115,6.5,47.5331,7.5831,316,12,6.83333333333333,0.25,0.5,9.83333333333333,0.166666666666667,19.625,23.35,64.5583333333333,14.9516666666667
"210","liestal",1959,47.4814,7.730519,350,92,6.5,47.5331,7.5831,316,11,6,0.166666666666667,0.25,11,0.416666666666667,15.4583333333333,23.6333333333333,58.55,16.3266666666667
"211","liestal",1960,47.4814,7.730519,350,94,6.5,47.5331,7.5831,316,14.1666666666667,7.66666666666667,0.166666666666667,1.41666666666667,8.58333333333333,0.0833333333333333,14.875,23.0833333333333,66.4,14.9675
"212","liestal",1961,47.4814,7.730519,350,79,6.5,47.5331,7.5831,316,12.3333333333333,7.33333333333333,0.0833333333333333,1,9.83333333333333,0.583333333333333,15.5916666666667,24.9666666666667,61.0166666666667,16.3608333333333
"213","liestal",1962,47.4814,7.730519,350,115,6.5,47.5331,7.5831,316,11.4166666666667,5.58333333333333,0.166666666666667,1.66666666666667,8.83333333333333,0.583333333333333,16.425,23.6416666666667,51.15,14.3016666666667
"214","liestal",1963,47.4814,7.730519,350,114,6.5,47.5331,7.5831,316,12.4166666666667,7.08333333333333,0.25,3.83333333333333,8.75,0.0833333333333333,16.8083333333333,21.7,61.875,13.8891666666667
"215","liestal",1964,47.4814,7.730519,350,107,6.5,47.5331,7.5831,316,10.4166666666667,5.75,0.333333333333333,1.33333333333333,10.6666666666667,1,19.0083333333333,22.8833333333333,55.2666666666667,15.1758333333333
"216","liestal",1965,47.4814,7.730519,350,102,6.5,47.5331,7.5831,316,15.4166666666667,8.83333333333333,0.5,0.5,6.91666666666667,0.166666666666667,19.2416666666667,22.375,83.8083333333333,14.255
"217","liestal",1966,47.4814,7.730519,350,98,6.5,47.5331,7.5831,316,13.75,7.83333333333333,0.333333333333333,1.16666666666667,7.66666666666667,0.166666666666667,21.4333333333333,23.1166666666667,74.125,14.7683333333333
"218","liestal",1967,47.4814,7.730519,350,94,6.5,47.5331,7.5831,316,11.6666666666667,7,0.25,1.33333333333333,8.41666666666667,0.166666666666667,15.9666666666667,23.35,64.6,15.0066666666667
"219","liestal",1968,47.4814,7.730519,350,103,6.5,47.5331,7.5831,316,13.5833333333333,7.91666666666667,0.333333333333333,1.5,7.25,0.0833333333333333,16.1916666666667,22.6166666666667,72.9083333333333,14.2291666666667
"220","liestal",1969,47.4814,7.730519,350,113,6.5,47.5331,7.5831,316,12.1666666666667,7.5,0.25,2.41666666666667,7.91666666666667,0.0833333333333333,18.8416666666667,21.7833333333333,71.4083333333333,13.9908333333333
"221","liestal",1970,47.4814,7.730519,350,114,6.5,47.5331,7.5831,316,13.9166666666667,8,0.166666666666667,1.33333333333333,8,0,17.9166666666667,21.85,71.4166666666667,13.9108333333333
"222","liestal",1971,47.4814,7.730519,350,107,6.5,47.5331,7.5831,316,10.3333333333333,5.91666666666667,0.25,1.25,9.58333333333333,0.166666666666667,16.025,22.1,52.8833333333333,14.7591666666667
"223","liestal",1972,47.4814,7.730519,350,97,6.5,47.5331,7.5831,316,10.4166666666667,5.33333333333333,0.25,0.916666666666667,5.66666666666667,0,15.2833333333333,21.4,52.8166666666667,13.9391666666667
"224","liestal",1973,47.4814,7.730519,350,119,6.5,47.5331,7.5831,316,11.4166666666667,7,0.416666666666667,1,8.5,0,16.4,21.825,63.3583333333333,14.0533333333333
"225","liestal",1974,47.4814,7.730519,350,92,6.5,47.5331,7.5831,316,13.1666666666667,6.08333333333333,0.0833333333333333,0,7.5,0.166666666666667,16.4,22.4083333333333,58.4833333333333,14.7666666666667
"226","liestal",1975,47.4814,7.730519,350,108,6.5,47.5331,7.5831,316,11.6666666666667,7.25,0.166666666666667,0.583333333333333,8,0.25,17.5,22.4,66.85,14.3433333333333
"227","liestal",1976,47.4814,7.730519,350,102,6.5,47.5331,7.5831,316,10.25,5.66666666666667,0.0833333333333333,1.33333333333333,8.91666666666667,1.16666666666667,14.125,22.8916666666667,43.2833333333333,15.1716666666667
"228","liestal",1977,47.4814,7.730519,350,80,6.5,47.5331,7.5831,316,13.9166666666667,8.66666666666667,0.166666666666667,0.333333333333333,7.08333333333333,0,19.125,23.1166666666667,74.4666666666667,14.7058333333333
"229","liestal",1978,47.4814,7.730519,350,108,6.5,47.5331,7.5831,316,13.0833333333333,6.66666666666667,0.166666666666667,1.58333333333333,6,0,20.0666666666667,20.9666666666667,61.5583333333333,13.3441666666667
"230","liestal",1979,47.4814,7.730519,350,105,6.5,47.5331,7.5831,316,14.9166666666667,7.83333333333333,0.333333333333333,1.08333333333333,7.16666666666667,0,20.1583333333333,21.1,70.575,13.7991666666667
"231","liestal",1980,47.4814,7.730519,350,104,6.5,47.5331,7.5831,316,13.5,7.5,0.0833333333333333,1.25,5.5,0.0833333333333333,14.1916666666667,21.0416666666667,58.8833333333333,13.3266666666667
"232","liestal",1981,47.4814,7.730519,350,92,6.5,47.5331,7.5831,316,15,8,0.333333333333333,1,7.25,0,21.0166666666667,21.7666666666667,81.0333333333333,13.9975
"233","liestal",1982,47.4814,7.730519,350,108,6.5,47.5331,7.5831,316,13.4166666666667,7.75,0.333333333333333,0.916666666666667,8.75,0,22.1,22.0916666666667,79.8916666666667,14.7691666666667
"234","liestal",1983,47.4814,7.730519,350,101,6.5,47.5331,7.5831,316,13.25,6.5,0.25,0.916666666666667,8.83333333333333,0.583333333333333,15.8666666666667,23.1416666666667,60.6666666666667,14.8866666666667
"235","liestal",1984,47.4814,7.730519,350,110,6.5,47.5331,7.5831,316,12,7.16666666666667,0.25,0.25,6.75,0.416666666666667,17.0916666666667,21.925,60.1166666666667,13.9416666666667
"236","liestal",1985,47.4814,7.730519,350,106,6.5,47.5331,7.5831,316,9.83333333333333,5.75,0.166666666666667,3,8.83333333333333,0.25,14.9666666666667,23.3666666666667,51.5666666666667,13.8608333333333
"237","liestal",1986,47.4814,7.730519,350,121,6.5,47.5331,7.5831,316,13.3333333333333,7.58333333333333,0.166666666666667,2.08333333333333,7.58333333333333,0.0833333333333333,18.55,21.5166666666667,73.2416666666667,13.945
"238","liestal",1987,47.4814,7.730519,350,112,6.5,47.5331,7.5831,316,13.6666666666667,8.08333333333333,0.416666666666667,2.33333333333333,7.33333333333333,0,19.3416666666667,22.2833333333333,75.6416666666667,13.6641666666667
"239","liestal",1988,47.4814,7.730519,350,108,6.5,47.5331,7.5831,316,13.9166666666667,8.41666666666667,0.166666666666667,0.166666666666667,7.83333333333333,0.0833333333333333,17.0916666666667,22.4416666666667,69.35,14.9258333333333
"240","liestal",1989,47.4814,7.730519,350,87,6.5,47.5331,7.5831,316,10.5833333333333,6.25,0.0833333333333333,0.416666666666667,9.5,0.166666666666667,16.0583333333333,24.15,54.65,15.5666666666667
"241","liestal",1990,47.4814,7.730519,350,75,6.5,47.5331,7.5831,316,13,7.41666666666667,0.166666666666667,0.25,8.5,0.166666666666667,17.425,23.9583333333333,67.875,15.86
"242","liestal",1991,47.4814,7.730519,350,94,6.5,47.5331,7.5831,316,10,5.83333333333333,0.416666666666667,1.75,8.5,0.166666666666667,24.4166666666667,23.0416666666667,63.225,14.555
"243","liestal",1992,47.4814,7.730519,350,102,6.5,47.5331,7.5831,316,12.3333333333333,7.33333333333333,0.25,1,9.08333333333333,0.5,20.1166666666667,23.2,68.6916666666667,15.0933333333333
"244","liestal",1993,47.4814,7.730519,350,101,6.5,47.5331,7.5831,316,13.25,7.58333333333333,0.166666666666667,1.41666666666667,7.5,0.0833333333333333,16.1333333333333,23.1666666666667,64.9833333333333,14.5241666666667
"245","liestal",1994,47.4814,7.730519,350,82,6.5,47.5331,7.5831,316,13.6666666666667,7.5,0.25,0.333333333333333,8.58333333333333,0.416666666666667,21.1333333333333,23.3166666666667,70.7083333333333,15.9233333333333
"246","liestal",1995,47.4814,7.730519,350,93,6.5,47.5331,7.5831,316,12.9166666666667,7.75,0.75,0.916666666666667,7.66666666666667,0.166666666666667,23.9916666666667,22.8916666666667,84.525,14.9258333333333
"247","liestal",1996,47.4814,7.730519,350,109,6.5,47.5331,7.5831,316,12.3333333333333,6.58333333333333,0.416666666666667,1.33333333333333,6.91666666666667,0,25,21.8833333333333,69.4166666666667,13.735
"248","liestal",1997,47.4814,7.730519,350,81,6.5,47.5331,7.5831,316,11.8333333333333,6.08333333333333,0.166666666666667,1.41666666666667,8.91666666666667,0,19.9416666666667,22.6083333333333,62.725,15.3766666666667
"249","liestal",1998,47.4814,7.730519,350,90,6.5,47.5331,7.5831,316,12.1666666666667,7.08333333333333,0.166666666666667,0.833333333333333,8.58333333333333,0.666666666666667,18.9833333333333,24.05,67.2166666666667,15.3491666666667
"250","liestal",1999,47.4814,7.730519,350,94,6.5,47.5331,7.5831,316,14.1666666666667,8.25,0.5,1.08333333333333,9.25,0.0833333333333333,24.3416666666667,22.4916666666667,95.9166666666667,15.1733333333333
"251","liestal",2000,47.4814,7.730519,350,92,6.5,47.5331,7.5831,316,13.4166666666667,8.16666666666667,0.166666666666667,0.333333333333333,9.66666666666667,0.333333333333333,16.4916666666667,23.475,65.5583333333333,16.1641666666667
"252","liestal",2001,47.4814,7.730519,350,89,6.5,47.5331,7.5831,316,14.25,9,0.333333333333333,0.666666666666667,8.5,0.166666666666667,20.4916666666667,23.125,84.3083333333333,15.0591666666667
"253","liestal",2002,47.4814,7.730519,350,77,6.5,47.5331,7.5831,316,12.9166666666667,8.33333333333333,0.5,0.833333333333333,7.75,0.166666666666667,20.2083333333333,23.375,87.3583333333333,15.5683333333333
"254","liestal",2003,47.4814,7.730519,350,92,6.5,47.5331,7.5831,316,10.25,5.5,0,1.33333333333333,10.5,1.83333333333333,14.95,24.825,51.2166666666667,16.5108333333333
"255","liestal",2004,47.4814,7.730519,350,92,6.5,47.5331,7.5831,316,12.25,6.16666666666667,0.25,0.416666666666667,8.66666666666667,0,18.675,23.675,66.1166666666667,15.0108333333333
"256","liestal",2005,47.4814,7.730519,350,95,6.5,47.5331,7.5831,316,11.0833333333333,6.66666666666667,0.0833333333333333,1.58333333333333,8.5,0.5,15.0833333333333,23.7583333333333,58.8333333333333,14.9175
"257","liestal",2006,47.4814,7.730519,350,111,6.5,47.5331,7.5831,316,12.8333333333333,7.16666666666667,0.666666666666667,1.58333333333333,9.33333333333333,0.583333333333333,24.8166666666667,22.425,85.7083333333333,15.345
"258","liestal",2007,47.4814,7.730519,350,94,6.5,47.5331,7.5831,316,11.8333333333333,6.83333333333333,0.5,0.416666666666667,9.16666666666667,0.25,20.6,23.1166666666667,79.3333333333333,15.8183333333333
"259","liestal",2008,47.4814,7.730519,350,89,6.5,47.5331,7.5831,316,12,6.66666666666667,0.5,0.416666666666667,8.66666666666667,0.0833333333333333,24.4166666666667,22.4666666666667,72.4666666666667,15.0675
"260","liestal",2009,47.4814,7.730519,350,100,6.5,47.5331,7.5831,316,13,6.91666666666667,0.25,1.5,10.75,0.333333333333333,17.4583333333333,23.6666666666667,63.75,15.5491666666667
"261","liestal",2010,47.4814,7.730519,350,98,6.5,47.5331,7.5831,316,13.9166666666667,7.08333333333333,0.166666666666667,2.58333333333333,8.08333333333333,0.666666666666667,17.2916666666667,23.3416666666667,69.6,14.1458333333333
"262","liestal",2011,47.4814,7.730519,350,90,6.5,47.5331,7.5831,316,10,6.08333333333333,0.166666666666667,0.5,11.3333333333333,0.583333333333333,15.2583333333333,24.9083333333333,57.325,16.7125
"263","liestal",2012,47.4814,7.730519,350,93,6.5,47.5331,7.5831,316,13.75,8.83333333333333,0.416666666666667,1.33333333333333,9.08333333333333,0.666666666666667,22.2083333333333,25.0083333333333,87.325,15.4625
"264","liestal",2013,47.4814,7.730519,350,107,6.5,47.5331,7.5831,316,13.5,7.08333333333333,0.333333333333333,1.25,8.33333333333333,0.666666666666667,22.5,24.1,75.6416666666667,14.3425
"265","liestal",2014,47.4814,7.730519,350,84,6.5,47.5331,7.5831,316,13,7.5,0.333333333333333,0.166666666666667,9,0.416666666666667,18.3333333333333,23.2166666666667,72.375,16.4133333333333
"266","liestal",2015,47.4814,7.730519,350,101,6.5,47.5331,7.5831,316,8.58333333333333,5.25,0.166666666666667,0.0833333333333333,8.5,1.25,16.9083333333333,24.6166666666667,47.2666666666667,16.5483333333333
"267","liestal",2016,47.4814,7.730519,350,97,6.5,47.5331,7.5831,316,12.0833333333333,7.25,0.416666666666667,0.333333333333333,8.16666666666667,0.416666666666667,20.1916666666667,23.0583333333333,78.825,15.4375
"268","liestal",2017,47.4814,7.730519,350,85,6.5,47.5331,7.5831,316,12.0833333333333,6.16666666666667,0.25,0,0,0,17.4416666666667,0,61.7,0
"269","liestal",2018,47.4814,7.730519,350,98,6.5,47.5331,7.5831,316,10.0833333333333,5.91666666666667,0.0833333333333333,0.5,12.5,1,18.0083333333333,23.625,58.1333333333333,17.0191666666667
"270","liestal",2019,47.4814,7.730519,350,86,6.5,47.5331,7.5831,316,12,7.16666666666667,0.25,0.166666666666667,9.5,0.916666666666667,17.8833333333333,24.6416666666667,65.4833333333333,16.4958333333333
"271","liestal",2020,47.4814,7.730519,350,77,6.5,47.5331,7.5831,316,11.75,6.91666666666667,0,0,11.1666666666667,0.833333333333333,12.6666666666667,24.6,56.3666666666667,17.1866666666667
"272","liestal",2021,47.4814,7.730519,350,87,6.5,47.5331,7.5831,316,12.9166666666667,8.41666666666667,0.333333333333333,0.5,8.91666666666667,0.0833333333333333,17.6,23.7666666666667,76.8416666666667,15.2616666666667
